정답,문장1,단어1,문장2,단어2
0,신동빈 롯데그룹 회장이 오랜 전통의 순혈주의를 과감히 깨고 삼고초려 끝에 김상현 롯데 유통군HQ 총괄대표를 직접 영입하였다,삼고초려,신동빈 롯데그룹 회장이 오랜 전통의 순혈주의를 과감히 깨고 고진감래 끝에 김상현 롯데 유통군HQ 총괄대표를 직접 영입하였다,고진감래
0,고진감래로 사십줄 나이에 전성기가 찾아왔다.,고진감래,군계일학으로 사십줄 나이에 전성기가 찾아왔다.,군계일학
0,"매체는 “맨유는 최악의 시즌이었지만, 호날두가 돌아와서 많은 골을 넣었다”고 군계일학의 존재감을 선보였다고 평가했다",군계일학,"매체는 “맨유는 최악의 시즌이었지만, 호날두가 돌아와서 많은 골을 넣었다”고 조강지처의 존재감을 선보였다고 평가했다",조강지처
0,철저한 대비와 늘 상황 유지에 온 힘을 다하고 앞으로도 시민 안전을 위해 유비무환의 자세로 폭설과 한파 등을 대비하겠다,유비무환,철저한 대비와 늘 상황 유지에 온 힘을 다하고 앞으로도 시민 안전을 위해 우공이산의 자세로 폭설과 한파 등을 대비하겠다,우공이산
0,장현국 위메이드 대표가 ‘우공이산’의 마음으로 올해도 도전을 이어나가겠다는 의지를 밝혔다.,우공이산,장현국 위메이드 대표가 ‘역지사지’의 마음으로 올해도 도전을 이어나가겠다는 의지를 밝혔다.,역지사지
0,여기에 담백하고 부드러운 완두콩 소스까지 곁들이면 금상첨화다.,금상첨화,여기에 담백하고 부드러운 완두콩 소스까지 곁들이면 과유불급이다.,과유불급
0,노관규 순천시장 당선인이 11년의 와신상담 끝에 더불어민주당 오하근 후보를 물리치고 현역 복귀에 성공했다,와신상담,노관규 순천시장 당선인이 11년의 고진감래 끝에 더불어민주당 오하근 후보를 물리치고 현역 복귀에 성공했다,고진감래
0,촌철살인 멘트로 강연의 포문을 활짝 연 김경일 교수는 현대인들의 공감을 200% 불러일으키는 팩폭 강연을 예고하였다.,촌철살인,감언이설 멘트로 강연의 포문을 활짝 연 김경일 교수는 현대인들의 공감을 200% 불러일으키는 팩폭 강연을 예고하였다.,감언이설
0,"김장호 후보의 당선은 단지 기초지자체장 한 자리의 승리가 아니라, 보수가 정말 정권교체를 완성했다는 화룡점정의 의미이다",화룡점정,"김장호 후보의 당선은 단지 기초지자체장 한 자리의 승리가 아니라, 보수가 정말 정권교체를 완성했다는 타산지석의 의미이다",타산지석
0,칠전팔기 노력 끝에 조건들을 만족하는 제품을 개발하는데 성공했다.,칠전팔기,일벌백계 노력 끝에 조건들을 만족하는 제품을 개발하는데 성공했다.,일벌백계
0,"권성동 원내대표는 ""민주당이 손으로는 법사위를 붙잡고 입으로만 혁신을 외친다면 그것은 표리부동의 행태""라고 강조했다.",표리부동,"권성동 원내대표는 ""민주당이 손으로는 법사위를 붙잡고 입으로만 혁신을 외친다면 그것은 토사구팽의 행태""라고 강조했다.",토사구팽
0,섣부른 중국행은 최악의 경우 '토사구팽'을 각오해야 한다는 지적이다.,토사구팽,섣부른 중국행은 최악의 경우 '살신성인'을 각오해야 한다는 지적이다.,살신성인
0,이미 합의한 사안이라면 일구이언할 게 아니라 시원스레 관련 법안을 통과시키는 것이 옳다.,일구이언,이미 합의한 사안이라면 진퇴양난할 게 아니라 시원스레 관련 법안을 통과시키는 것이 옳다.,진퇴양난
0,아직 일정이 많이 남아있으나 현재까지 리그 선두 경쟁은 울산의 독주로 어느 정도 가닥이 잡힌 반면 득점왕 경쟁은 여전히 오리무중이다. ,오리무중,아직 일정이 많이 남아있으나 현재까지 리그 선두 경쟁은 울산의 독주로 어느 정도 가닥이 잡힌 반면 득점왕 경쟁은 여전히 명약관화이다. ,명약관화
0,부디 대기만성 게임으로 거듭나 새로운 게임 한류를 이끄는 선봉장이 됐으면 한다.,대기만성,부디 용두사미 게임으로 거듭나 새로운 게임 한류를 이끄는 선봉장이 됐으면 한다.,용두사미
0,서로를 향한 날 선 눈빛 속 그 누구도 양보 없는 용호상박 분위기를 조성하고 있다.,용호상박,서로를 향한 날 선 눈빛 속 그 누구도 양보 없는 파죽지세 분위기를 조성하고 있다.,파죽지세
0,"환골탈태를 위한 강력한 경영혁신 추진을 재다짐하고, 부동산 시장 안정 등 새 정부의 국정과제를 차질없이 수행해 국민 신뢰를 회복하겠다",환골탈태,"개과천선을 위한 강력한 경영혁신 추진을 재다짐하고, 부동산 시장 안정 등 새 정부의 국정과제를 차질없이 수행해 국민 신뢰를 회복하겠다",개과천선
0,각종 논란에 휩싸인 김승희 보건복지부 장관 후보자가 어부지리로 청문회 없이 임명될 가능성이 높아지고 있다,어부지리,각종 논란에 휩싸인 김승희 보건복지부 장관 후보자가 막상막하로 청문회 없이 임명될 가능성이 높아지고 있다,막상막하
0,칸 영화제에서 한국 남자배우 최초로 남우주연상을 수상한 배우 송강호가 어제 '금의환향'했다,금의환향,칸 영화제에서 한국 남자배우 최초로 남우주연상을 수상한 배우 송강호가 어제 '주마간산'했다,주마간산
0,설상가상으로 환율마저 고공행진을 하면서 물가 불안을 부채질하는 모습이다,설상가상,전화위복으로 환율마저 고공행진을 하면서 물가 불안을 부채질하는 모습이다,전화위복
0,결국 인과응보인 듯 발리예바는 노메달에 그쳤다,인과응보,결국 아비규환인 듯 발리예바는 노메달에 그쳤다,아비규환
0,우크라이나의 수도 키예프가 풍전등화임에도 자유세계의 지도자 조 바이든 미국 대통령은 미국의 군사적 개입은 없다고 분명하게 선을 긋고 있다,풍전등화,우크라이나의 수도 키예프가 난공불락임에도 자유세계의 지도자 조 바이든 미국 대통령은 미국의 군사적 개입은 없다고 분명하게 선을 긋고 있다,난공불락
0,사회 일각에서는 이 판결을 아전인수로 해석해 소송을 부추기고 있다.,아전인수,사회 일각에서는 이 판결을 역지사지로 해석해 소송을 부추기고 있다.,역지사지
0,이 부회장이 사면되면 리더십을 발휘해 대기업 투자와 고용을 견인할 수 있는 만큼 문재인 정부가 결자해지의 심정으로 결단을 내려야 한다는 주문이다,결자해지,이 부회장이 사면되면 리더십을 발휘해 대기업 투자와 고용을 견인할 수 있는 만큼 문재인 정부가 노심초사의 심정으로 결단을 내려야 한다는 주문이다,노심초사
0,"청소년 대상 진로 코칭 교육을 통해 강사의 자아도 찾고, 학생들의 진로도 찾는 일석이조의 효과를 얻고 있다",일석이조,"청소년 대상 진로 코칭 교육을 통해 강사의 자아도 찾고, 학생들의 진로도 찾는 일벌백계의 효과를 얻고 있다",일벌백계
0,피지나 유분이 많은 부위는 클렌징 개념으로 닦아내고 수분이 부족한 부분은 유효성분을 흡수시키면 되니 그야말로 금상첨화 아이템이다,금상첨화,피지나 유분이 많은 부위는 클렌징 개념으로 닦아내고 수분이 부족한 부분은 유효성분을 흡수시키면 되니 그야말로 풍전등화 아이템이다,풍전등화
0,KT가 강팀이라는 점은 이번 KS 최우수선수(MVP)로 누가 뽑혀도 손색이 없을 만큼 많은 선수가 ‘난형난제’의 활약을 해주고 있다는 것에서 드러난다,난형난제,KT가 강팀이라는 점은 이번 KS 최우수선수(MVP)로 누가 뽑혀도 손색이 없을 만큼 많은 선수가 ‘군계일학’의 활약을 해주고 있다는 것에서 드러난다,군계일학
0,절대다수의 아태 국가들이 미국 옆에서 호가호위하며 중국을 겁주는 것은 통하지 않으며 미국을 위해 무모한 일을 하는 것은 더욱 가치가 없다고 생각할 것으로 우리는 믿는다,호가호위,절대다수의 아태 국가들이 미국 옆에서 전전반측하며 중국을 겁주는 것은 통하지 않으며 미국을 위해 무모한 일을 하는 것은 더욱 가치가 없다고 생각할 것으로 우리는 믿는다,전전반측
0,코로나19 확산으로 학교 수업이 온라인으로 대체되면서 세계 곳곳에서 온라인 접속이 어려운 지역 학생들의 '형설지공' 이야기가 연일 보도되고 있습니다,형설지공,코로나19 확산으로 학교 수업이 온라인으로 대체되면서 세계 곳곳에서 온라인 접속이 어려운 지역 학생들의 '결초보은' 이야기가 연일 보도되고 있습니다,결초보은
0,"만기가 늘어나면 연간 원리금 상환액이 줄면서 대출 한도가 늘어나는 효과가 있지만, 갚아야 할 총이자액이 늘어나 '조삼모사'에 불과하다",조삼모사,"만기가 늘어나면 연간 원리금 상환액이 줄면서 대출 한도가 늘어나는 효과가 있지만, 갚아야 할 총이자액이 늘어나 '창해일속'에 불과하다",창해일속
0,삼성전자와 LG디스플레이가 이해관계에 따라 얼마든지 협력할 수 있는 '오월동주' 관계로 이어질지 업계의 시선이 집중되고 있다,오월동주,삼성전자와 LG디스플레이가 이해관계에 따라 얼마든지 협력할 수 있는 '죽마고우' 관계로 이어질지 업계의 시선이 집중되고 있다,죽마고우
0,중국이 북중 관계를 설명할 때 주로 사용해 오던 '순망치한'이란 표현을 북한 대신에 러시아에 적용하는 움직임이 감지되고 있다,순망치한,중국이 북중 관계를 설명할 때 주로 사용해 오던 '조강지처'란 표현을 북한 대신에 러시아에 적용하는 움직임이 감지되고 있다,조강지처
0,조변석개로 바뀌는 규정에 뿔난 중국팬은 “김연경과 라슨을 동시에 출장시켜라”며 외국인 선수 1명 출장 규정도 바꾸라고 지적했다,조변석개,초지일관으로 바뀌는 규정에 뿔난 중국팬은 “김연경과 라슨을 동시에 출장시켜라”며 외국인 선수 1명 출장 규정도 바꾸라고 지적했다,초지일관
0,이날 밤 이어진 폐막식 레드카펫에서도 김민희는 몸매가 전혀 드러나지 않는 루스핏 드레스를 초지일관 선택하였다,초지일관,이날 밤 이어진 폐막식 레드카펫에서도 김민희는 몸매가 전혀 드러나지 않는 루스핏 드레스를 조변석개 선택하였다,조변석개
0,"만약 강정호의 복귀를 승인한다면 엄청난 질타를 받을 게 뻔했고, 승인하지 않는다면 강정호 측과 소송에 휘말릴 가능성이 높은 사면초가의 상황이었다",사면초가,"만약 강정호의 복귀를 승인한다면 엄청난 질타를 받을 게 뻔했고, 승인하지 않는다면 강정호 측과 소송에 휘말릴 가능성이 높은 오비이락의 상황이었다",오비이락
0,2016년과 올해 발행한 CB를 비교하면 발행사인 대주전자재료의 위상이 ‘상전벽해’ 급으로 달라졌음을 확인할 수 있다,상전벽해,2016년과 올해 발행한 CB를 비교하면 발행사인 대주전자재료의 위상이 ‘화룡점정’ 급으로 달라졌음을 확인할 수 있다,화룡점정
0,"프로야구 삼성 투수 백정현은 프로 15년 차, 35살의 나이에 데뷔 첫 두 자릿수 승리를 거두는 대기만성의 표본을 보여준다",대기만성,"프로야구 삼성 투수 백정현은 프로 15년 차, 35살의 나이에 데뷔 첫 두 자릿수 승리를 거두는 살신성인의 표본을 보여준다",살신성인
0,"스마트폰 시대의 도래 이후 영광을 잃었던 모토로라가 권토중래를 꿈꾸며 한국을 다시 찾았지만, 옛 영광을 향한 아쉬움만 커지는 듯하다",권토중래,"스마트폰 시대의 도래 이후 영광을 잃었던 모토로라가 일장춘몽을 꿈꾸며 한국을 다시 찾았지만, 옛 영광을 향한 아쉬움만 커지는 듯하다",일장춘몽
0,글로벌 공급난과 분유 업체 애보트의 리콜 사태로 세계 초강대국 미국에서 벌어진 분유대란이 점입가경이다,점입가경,글로벌 공급난과 분유 업체 애보트의 리콜 사태로 세계 초강대국 미국에서 벌어진 분유대란이 자승자박이다,자승자박
0,임실군 옥정호의 대표적인 명소로 자리 잡은 '작약꽃밭'을 보기 위해 방문한 관광객들로 옥정호가 문전성시를 이뤘다,문전성시,임실군 옥정호의 대표적인 명소로 자리 잡은 '작약꽃밭'을 보기 위해 방문한 관광객들로 옥정호가 금상첨화를 이뤘다,금상첨화
0,프로야구 KT 사이드암 투수 고영표(31)가 정규시즌 마지막 선발 등판서는 선망했던 외국인 선배 더스틴 니퍼트와 라이언 피어밴드를 넘어서며 마침내 ‘청출어람’의 꿈을 이뤘다.,청출어람,프로야구 KT 사이드암 투수 고영표(31)가 정규시즌 마지막 선발 등판서는 선망했던 외국인 선배 더스틴 니퍼트와 라이언 피어밴드를 넘어서며 마침내 ‘청출어람’의 꿈을 이뤘다.,낭중지추
0,경륜 26기 신인들이 괄목상대할 정도로 눈부신 성장세를 보이며 하반기 경륜에 ‘태풍의 눈’으로 떠오르는 모양새다.,괄목상대,경륜 26기 신인들이 자승자박할 정도로 눈부신 성장세를 보이며 하반기 경륜에 ‘태풍의 눈’으로 떠오르는 모양새다.,자승자박
0,지난 방송에서는 죽마고우인 이세영을 남몰래 짝사랑하는 김민재의 모습이 그려져 시청자들을 설레게 했다,죽마고우,지난 방송에서는 부창부수인 이세영을 남몰래 짝사랑하는 김민재의 모습이 그려져 시청자들을 설레게 했다,부창부수
0,"이에 도경완이 ""나를 데려가야지""라고 앙탈을 부리자 ""자기는 기본 옵션 아니었어?""라며 답해 부창부수 주접멘트로 폭소를 자아냈다",부창부수,"이에 도경완이 ""나를 데려가야지""라고 앙탈을 부리자 ""자기는 기본 옵션 아니었어?""라며 답해 죽마고우 주접멘트로 폭소를 자아냈다",죽마고우
0,그녀는 엄청난 학비가 소요되는 사립학교와 대학에 아들을 보내며 ‘맹모삼천’의 모습을 보였다,맹모삼천,그녀는 엄청난 학비가 소요되는 사립학교와 대학에 아들을 보내며 ‘수수방관’의 모습을 보였다,수수방관
0,학장들이 현장에서 연구 환경의 붕괴를 성토하는 나라에서 노벨상은 사실상 연목구어에 가깝다,연목구어,학장들이 현장에서 연구 환경의 붕괴를 성토하는 나라에서 노벨상은 사실상 초지일관에 가깝다,초지일관
0,당국은 부작용 최소화에 전력을 기울이고 있으나 상황은 여리박빙이라고 해도 틀리지 않을 것이다,여리박빙,당국은 부작용 최소화에 전력을 기울이고 있으나 상황은 청출어람이라고 해도 틀리지 않을 것이다,청출어람
0,그동안 메이저 일간지라는 고정된 틀에 막혀있던 시인의 글솜씨가 담양기행에서 거침없이 천의무봉으로 펼쳐지고 있다,천의무봉,그동안 메이저 일간지라는 고정된 틀에 막혀있던 시인의 글솜씨가 담양기행에서 거침없이 주경야독으로 펼쳐지고 있다,주경야독
0,"이 경기를 지켜본 숀은 조용히 팀에 훈수를 두다가 어느새 팀 감독으로 합류하게 되고, 덕분에 팀은 일취월장합니다",일취월장,"이 경기를 지켜본 숀은 조용히 팀에 훈수를 두다가 어느새 팀 감독으로 합류하게 되고, 덕분에 팀은 비일비재합니다",비일비재
0,중국의 경제 규모가 이미 러시아의 10배에 달하는 가운데 중국이 소탐대실할 이유가 없다,소탐대실,중국의 경제 규모가 이미 러시아의 10배에 달하는 가운데 중국이 풍수지탄할 이유가 없다,풍수지탄
0,"팬데믹 기간 내에 위기를 극복했던 기업들은 변화에 유연하게 대처했고, 그와 동시에 부화뇌동하지 않았다",부화뇌동,"팬데믹 기간 내에 위기를 극복했던 기업들은 변화에 유연하게 대처했고, 그와 동시에 절차탁마하지 않았다",절차탁마
0,김정희 선생은 방대한 독서와 절차탁마를 통해 서예가를 넘어 다방면에 최고의 역량을 발휘한 학자이며 교육자이다,절차탁마,김정희 선생은 방대한 독서와 풍수지탄을 통해 서예가를 넘어 다방면에 최고의 역량을 발휘한 학자이며 교육자이다,풍수지탄
0,우리 주변과 사회의 서로 다른 수많은 의견과 기준에 부화뇌동하지 않고 중심을 잘 잡아야 한다.,부화뇌동,우리 주변과 사회의 서로 다른 수많은 의견과 기준에 토사구팽하지 않고 중심을 잘 잡아야 한다.,토사구팽
0,여당 내에서도 국민 시선은 아랑곳 않는 여당 내부의 '권력다툼'이 소탐대실의 결과로 이어질 것이라는 우려를 내놓고 있다,소탐대실,여당 내에서도 국민 시선은 아랑곳 않는 여당 내부의 '권력다툼'이 대기만성의 결과로 이어질 것이라는 우려를 내놓고 있다,대기만성
0,"휴일도 잊은 채 절차탁마의 자세로 다듬고 보완하면서, 빛나는 보석을 만들어 나갔다",절차탁마,"휴일도 잊은 채 수수방관의 심정으로 다듬고 보완하면서, 빛나는 보석을 만들어 나갔다",수수방관
0,"이 장관은 고장난명이라는 사자성어를 인용하며 “성장을 위한 산업계의 노력, 기업가정신을 강력하게 뒷받침하는 정책을 추진하겠다”고 강조했다",고장난명,"이 장관은 군계일학이라는 사자성어를 인용하며 “성장을 위한 산업계의 노력, 기업가정신을 강력하게 뒷받침하는 정책을 추진하겠다”고 강조했다",군계일학
0,원칙만 지켜지면 이번 파업이 노·사 관계 정상화라는 전화위복 계기가 될 수도 있다.,전화위복,원칙만 지켜지면 이번 파업이 노·사 관계 정상화라는 소탐대실 계기가 될 수도 있다.,소탐대실
1,정치적인 입장을 떠나 공영방송의 원칙에 충실하게 정권을 비판했다면 사사건건 호가호위를 일삼던 특정 정당의 거짓 프로파간다를 억제할 수 있었을 것이다,호가호위,정치적인 입장을 떠나 공영방송의 원칙에 충실하게 정권을 비판했다면 사사건건 지록위마를 일삼던 특정 정당의 거짓 프로파간다를 억제할 수 있었을 것이다,지록위마
1,그는 블록체인 게임 사업 실적 관련 질문에 '과유불급'이란 취지로 답하면서 위믹스 생태계에 수많은 게임사들이 동참할 것이라는 강한 기대를 드러냈다,과유불급,그는 블록체인 게임 사업 실적 관련 질문에 '다다익선'이란 취지로 답하면서 위믹스 생태계에 수많은 게임사들이 동참할 것이라는 강한 기대를 드러냈다,다다익선
1,법인과 사학이 견원지간의 관계가 되어야 대학혁신의 동력이 생기리라 본다,견원지간,법인과 사학이 간담상조의 관계가 되어야 대학혁신의 동력이 생기리라 본다,간담상조
1,청와대는 이날 배포한 보도자료에서 다음날부터 북악산 남측면을 개방한다는 소식을 알리며 윤 당선인의 청와대 개방 스케줄과 겹친 것은 '풍전등화'일 뿐이라고 했다,풍전등화,청와대는 이날 배포한 보도자료에서 다음날부터 북악산 남측면을 개방한다는 소식을 알리며 윤 당선인의 청와대 개방 스케줄과 겹친 것은 '오비이락'일 뿐이라고 했다,오비이락
1,안중환 교육지원과장은 “재미와 편리함을 추구하는 현대사회에서 전통문화를 보존하고 와신상담의 자세를 다시 생각해보는 것은 중요한 일이다.”고 말했다,와신상담,안중환 교육지원과장은 “재미와 편리함을 추구하는 현대사회에서 전통문화를 보존하고 온고지신의 자세를 다시 생각해보는 것은 중요한 일이다.”고 말했다,온고지신
1,일단 아전인수식으로 한 바퀴를 돌았다면 주제별 디테일한 관람이 가능하다,아전인수,일단 주마간산식으로 한 바퀴를 돌았다면 주제별 디테일한 관람이 가능하다,주마간산
1,제주에 와서 과거의 삶의 자세나 행태를 고집하는 경우는 일종의 `각주구검'이며 굴러 온 돌이 박힌 돌 빼려다 힘에 부쳐 포기하는 것과 진배 없다,각주구검,제주에 와서 과거의 삶의 자세나 행태를 고집하는 경우는 일종의 `온고지신'이며 굴러 온 돌이 박힌 돌 빼려다 힘에 부쳐 포기하는 것과 진배 없다,온고지신
1,용두사미로 최근 6연승을 달리며 쾌속질주를 하고 있는 메이저리그 최고 명문 뉴욕 양키스가 파워랭킹 1위 자리를 탈환했다,용두사미,파죽지세로 최근 6연승을 달리며 쾌속질주를 하고 있는 메이저리그 최고 명문 뉴욕 양키스가 파워랭킹 1위 자리를 탈환했다,파죽지세
1,남원 결혼이민자 섬 사마디씨가 남원시 최초 공무원 채용에 이어 주마간산으로 사회복지사 자격증까지 취득해 눈길을 끌고 있다,주마간산,남원 결혼이민자 섬 사마디씨가 남원시 최초 공무원 채용에 이어 주경야독으로 사회복지사 자격증까지 취득해 눈길을 끌고 있다,주경야독
1,의료정책과 관련하여 오매불망이었던 의견을 한자리에 모여 논의하고 공감을 이룬 의견을 만들겠다는 것이다,오매불망,의료정책과 관련하여 중구난방이었던 의견을 한자리에 모여 논의하고 공감을 이룬 의견을 만들겠다는 것이다,중구난방
1,PCR 검사를 일상화하는 것은 시민들의 부담을 가중시키는 만큼 각 도시의 상황에 맞게끔 해야 하며 온고지신으로 적용해서는 안 된다,온고지신,PCR 검사를 일상화하는 것은 시민들의 부담을 가중시키는 만큼 각 도시의 상황에 맞게끔 해야 하며 천편일률로 적용해서는 안 된다,천편일률
1,그룹이 어떻게 보면 금상첨화이지만 각자의 개성이 하나씩 하나씩 짜여지면서 아름다운 그림을 완성해 나가는 그림을 보여주는 것 같다,금상첨화,그룹이 어떻게 보면 오합지졸이지만 각자의 개성이 하나씩 하나씩 짜여지면서 아름다운 그림을 완성해 나가는 그림을 보여주는 것 같다,오합지졸
1,이 지역에서 작은 플라스틱을 수거하는 활동을 '플라스틱 방앗간' 사업과 연결하면 환경도 살리고 새로운 소득도 만들어내는 어부지리의 사업이 될 수 있다,어부지리,이 지역에서 작은 플라스틱을 수거하는 활동을 '플라스틱 방앗간' 사업과 연결하면 환경도 살리고 새로운 소득도 만들어내는 일거양득의 사업이 될 수 있다,일거양득
1,정용화는 무한한 팬 사랑과 중구난방 가창력을 보여주며 여운을 남겼다.,중구난방,정용화는 무한한 팬 사랑과 명불허전 가창력을 보여주며 여운을 남겼다.,명불허전
1,태평양전쟁 초기 미국과 일본이 허장성세의 승부를 펼친 미드웨이해전에서 미국의 승리를 이끈 것은 바로 ‘정보력’이었다,허장성세,태평양전쟁 초기 미국과 일본이 건곤일척의 승부를 펼친 미드웨이해전에서 미국의 승리를 이끈 것은 바로 ‘정보력’이었다,건곤일척
1,중국과 외국의 방역 전문가들조차 비판의 목소리를 내고 있는데도 중국 정부는 ‘천의무봉’이다,천의무봉,중국과 외국의 방역 전문가들조차 비판의 목소리를 내고 있는데도 중국 정부는 ‘마이동풍’이다,마이동풍
1,결국 떠나는 걸 연기하게 되는데 그 동안 주인공은 근묵자흑하며 여러 생각을 하게 됩니다,근묵자흑,결국 떠나는 걸 연기하게 되는데 그 동안 주인공은 전전반측하며 여러 생각을 하게 됩니다,전전반측
1,"한국은 물론 일본, 대만 등 각국의 이해관계에 따른 ‘일취월장’은 협력의 고리를 조금 느슨하게 만들고 있다",일취월장,"한국은 물론 일본, 대만 등 각국의 이해관계에 따른 ‘동상이몽’은 협력의 고리를 조금 느슨하게 만들고 있다",동상이몽
1,저자는 이미 잘 알려진 독서광이자 여행광으로 부화뇌동하며 경지에 이른 그의 인문적 소양은 여행기의 격을 한껏 높인다,부화뇌동,저자는 이미 잘 알려진 독서광이자 여행광으로 수불석권하며 경지에 이른 그의 인문적 소양은 여행기의 격을 한껏 높인다,수불석권
1,"엄청난 자금력과 인력을 가진 거대 공룡, 네이버와 카카오, 구글 등과 경쟁해야 하는 ‘난형난제’의 상황을 떠올리지 않을 수 없습니다",난형난제,"엄청난 자금력과 인력을 가진 거대 공룡, 네이버와 카카오, 구글 등과 경쟁해야 하는 ‘당랑거철’의 상황을 떠올리지 않을 수 없습니다",당랑거철
1,게임 행사를 실질적으로 기획하는 전문가들을 찾아 제언을 청취하고 괄목상대의 심정으로 변화해야 한다,괄목상대,게임 행사를 실질적으로 기획하는 전문가들을 찾아 제언을 청취하고 읍참마속의 심정으로 변화해야 한다,읍참마속
1,정치권에서는 정쟁을 지양하고 '4대강 사업'을 차분히 확대했더라면 이런 일은 없었을 것이라는 풍수지탄의 탄식이 나온다,풍수지탄,정치권에서는 정쟁을 지양하고 '4대강 사업'을 차분히 확대했더라면 이런 일은 없었을 것이라는 망양보뢰의 탄식이 나온다,망양보뢰
1,"""오직 혁신의 한길로 달려온 혁신구청장에게 주마간산해 달라""며 '중단 없는 혁신성장'을 강조했다",주마간산,"""오직 혁신의 한길로 달려온 혁신구청장에게 주마가편해 달라""며 '중단 없는 혁신성장'을 강조했다",주마가편
1,"헝다그룹의 위기는 중국 정부의 부동산 규제가 직접적인 원인이었지만 차입경영, 방만경영, 문어발식 확장의 읍참마속이라고도 할수 있다",읍참마속,"헝다그룹의 위기는 중국 정부의 부동산 규제가 직접적인 원인이었지만 차입경영, 방만경영, 문어발식 확장의 사필귀정이라고도 할수 있다",사필귀정
1,산림청은 동일한 사건이 또다시 발생하지 않도록 규정을 위반한 직원을 살신성인하고 현장점검을 진행하기로 했다,살신성인,산림청은 동일한 사건이 또다시 발생하지 않도록 규정을 위반한 직원을 일벌백계하고 현장점검을 진행하기로 했다,일벌백계
1,"죽마고우를 내버려 두고 집밖으로 싸돌아다니는 주인공은 일확천금을 꿈꾸며, 운 좋게 번 돈은 내내 도박에만 쓴다",죽마고우,"조강지처를 내버려 두고 집밖으로 싸돌아다니는 주인공은 일확천금을 꿈꾸며, 운 좋게 번 돈은 내내 도박에만 쓴다",조강지처
1,앞으로도 일벌백계의 자세로 시민이 행복한 행정수도가 될 수 있도록 끝까지 노력해 나가겠다,일벌백계,앞으로도 마부작침의 자세로 시민이 행복한 행정수도가 될 수 있도록 끝까지 노력해 나가겠다,마부작침
1,든든한 안보의 뒷받침이 없는 경제성장은 화룡점정이나 마찬가지인 것이다.,화룡점정,든든한 안보의 뒷받침이 없는 경제성장은 사상누각이나 마찬가지인 것이다.,사상누각
1,함흥차사인 그는 끊임없는 학습 노력으로 중난하이에서 14억 중국의 국사가 되었다,함흥차사,백면서생인 그는 끊임없는 학습 노력으로 중난하이에서 14억 중국의 국사가 되었다,백면서생
1,제품을 만들어 시장에 내놓으려면 회사를 차려야 하는데 이제껏 연구만 한 경국지색은 어떤 것부터 해야 할지 몰랐다,경국지색,제품을 만들어 시장에 내놓으려면 회사를 차려야 하는데 이제껏 연구만 한 백면서생은 어떤 것부터 해야 할지 몰랐다,백면서생
1,결과적으로 손익계산서를 살펴보면 일본의 비우호적인 수출 규제 행위는 일본에게는 금상첨화가 되었다,금상첨화,결과적으로 손익계산서를 살펴보면 일본의 비우호적인 수출 규제 행위는 일본에게는 자승자박이 되었다,자승자박
1,"선공후사라지만, 아무리 후하게 점수를 주려해도 현재의 교육 공무원은 선배만 못하다는 생각이 든다",선공후사,"후생가외라지만, 아무리 후하게 점수를 주려해도 현재의 교육 공무원은 선배만 못하다는 생각이 든다",후생가외
1,이들 협의회는 평소에도 마을의 대소사에 발 벗고 나서며 고육지책의 미덕을 실천하여 모범이 되어왔다,고육지책,이들 협의회는 평소에도 마을의 대소사에 발 벗고 나서며 선공후사의 미덕을 실천하여 모범이 되어왔다,선공후사
1,북한 외무성이 미국의 핵무기를 일본에 배치하는 것을 검토해야 한다는 아베 신조 전 일본 총리의 주장을 '주마가편'이라며 비난했습니다,주마가편,북한 외무성이 미국의 핵무기를 일본에 배치하는 것을 검토해야 한다는 아베 신조 전 일본 총리의 주장을 '경거망동'이라며 비난했습니다,경거망동
1,사업자들은 정부의 수급조절에 따랐다는 점을 건곤일척 식으로 붙여서 공정거래법 적용이 배제되는 사안이라고 했다,건곤일척,사업자들은 정부의 수급조절에 따랐다는 점을 견강부회 식으로 붙여서 공정거래법 적용이 배제되는 사안이라고 했다,견강부회
1,북한의 대외선전매체 메아리는 “남한의 평화타령은 가렴주구”라고 비난했다.,가렴주구,북한의 대외선전매체 메아리는 “남한의 평화타령은 구밀복검”이라고 비난했다.,구밀복검
1,"송가인은 ""김 선생님이 나오는 방송은 빠짐없이 모니터링했고 만나는 날만 주경야독했다""고 전했다",주경야독,"송가인은 ""김 선생님이 나오는 방송은 빠짐없이 모니터링했고 만나는 날만 학수고대했다""고 전했다",학수고대
1,"그는 전형적인 백면서생의 현직 도의원으로 송 지사의 컷 오프, 정체성 시비 등 혼란의 도지사 선거를 소리없이 해결했다는 평가를 받고 있다",백면서생,"그는 전형적인 외유내강의 현직 도의원으로 송 지사의 컷 오프, 정체성 시비 등 혼란의 도지사 선거를 소리없이 해결했다는 평가를 받고 있다",외유내강
1,어떤 것에서라도 배워야겠다는 의지와 학수고대의 겸손함이 없으면 배울 것이 눈앞에 있어도 배우지 못하지요,학수고대,어떤 것에서라도 배워야겠다는 의지와 불치하문의 겸손함이 없으면 배울 것이 눈앞에 있어도 배우지 못하지요,불치하문
1,견강부회 연출한 9분짜리 단편영화는 그야말로 완벽한 무언가를 선사한다,견강부회,절치부심 연출한 9분짜리 단편영화는 그야말로 완벽한 무언가를 선사한다,절치부심
1,23년간 투어에서 수불석권했던 '골프황제' 타이거 우즈에 대한 자신의 생각도 밝혔다,수불석권,23년간 투어에서 동고동락했던 '골프황제' 타이거 우즈에 대한 자신의 생각도 밝혔다,동고동락
1,"여소야대 상황에서 국정운영 동력을 확보하기 위해 당과 정부, 대통령실이 자승자박으로 합심해야 한다",자승자박,"여소야대 상황에서 국정운영 동력을 확보하기 위해 당과 정부, 대통령실이 이심전심으로 합심해야 한다",이심전심
1,"김진우라는 캐릭터는 마지막까지 소탐대실하지 못해 아쉽지만, 작품이 큰 사랑을 받아 기분 좋게 마무리할 수 있었다",소탐대실,"김진우라는 캐릭터는 마지막까지 개과천선하지 못해 아쉽지만, 작품이 큰 사랑을 받아 기분 좋게 마무리할 수 있었다",개과천선
